Tier,Model,F1_mean,F1_std,AUC_mean,AUC_std
Full,Gradient Boosting,0.9937767958609607,0.0025518522481737162,0.9990209772296502,0.0008817450781330353
Full,XGBoost,0.9932125408426407,0.002214998362206491,0.9995510127558834,0.0004242314227954199
Full,Random Forest,0.9884408555620278,0.003324294104797596,0.9993222630926987,0.00042186234370755873
Full,SVM,0.983468319202928,0.003292550491186987,0.9987350792862957,0.0008252040881340748
Full,Logistic Regression,0.9810336385067255,0.003925385586060009,0.997479196947428,0.0005483953651408982
Full,MLP (Deep Learning),0.9801346342823578,0.00307102037581385,0.9980881303018725,0.0005520990034835947
No-score,XGBoost,0.9954595449268193,0.0018710848159724292,0.9992263845052193,0.0005533296775105166
No-score,Gradient Boosting,0.9949043801746225,0.0023093124161290566,0.9989400484887776,0.0007950371655305637
No-score,Random Forest,0.9861747293545969,0.005408543811192692,0.9989592070020528,0.0006469241231520018
No-score,MLP (Deep Learning),0.9769830860753972,0.006899690816035181,0.9979891659696637,0.0006284081817986216
No-score,SVM,0.9702254059177055,0.006168443892062678,0.9967087541305955,0.0008761476658055621
No-score,Logistic Regression,0.9695251135489631,0.00660437526661355,0.995229700601822,0.0015345111674941138
Raw physical,XGBoost,0.9724243536119918,0.0034028128083909777,0.9967147979944073,0.0009183529161242979
Raw physical,Gradient Boosting,0.9686757887234879,0.0042418610286077,0.9963147550642486,0.0009282588512480288
Raw physical,Random Forest,0.9631438456436634,0.004481109753435831,0.9956642526252809,0.0012298281235272135
Raw physical,Logistic Regression,0.9366590000966735,0.004082659157075116,0.9889567578215213,0.0008777020705420287
Raw physical,SVM,0.9342291361966376,0.006442439283968257,0.9888933959986547,0.0012352501006005895
Raw physical,MLP (Deep Learning),0.9265465809049394,0.005653941793633393,0.9921940191197225,0.0006800973999626621
