planet_name,source,insolation_flux,eq_temp_k,radius_earth,mass_earth,orbital_period_days,st_teff_k,discovery_facility,hz_status,likely_rocky
Kepler-62 f,confirmed,0.5,208.0,1.41,35.0,267.291,4925.0,Kepler,conservative_hz,True
TRAPPIST-1 d,confirmed,1.115,286.2,0.788,0.388,4.049219,2566.0,La Silla Observatory,optimistic_hz,True
TRAPPIST-1 e,confirmed,0.646,249.7,0.92,0.692,6.101013,2566.0,Multiple Observatories,conservative_hz,True
TRAPPIST-1 f,confirmed,0.373,217.7,1.045,1.039,9.20754,2566.0,Multiple Observatories,conservative_hz,True
TRAPPIST-1 g,confirmed,0.252,197.3,1.129,1.321,12.352446,2566.0,Multiple Observatories,optimistic_hz,True
TOI-700 d,confirmed,0.85,268.8,1.073,1.25,37.42396,3459.0,Transiting Exoplanet Survey Satellite (TESS),conservative_hz,True
TOI-700 e,confirmed,1.27,272.9,0.953,0.818,27.80978,3459.0,Transiting Exoplanet Survey Satellite (TESS),optimistic_hz,True
LP 890-9 c,confirmed,0.906,272.0,1.367,25.3,8.457463,2850.0,SPECULOOS Southern Observatory,conservative_hz,True
L 98-59 f,confirmed,1.1,285.0,1.48,2.8,23.064,3415.0,Multiple Facilities,conservative_hz,True
GJ 1061 d,confirmed,0.6,242.03,1.16,1.67,13.066,2953.0,La Silla Observatory,conservative_hz,True
GJ 1002 b,confirmed,0.67,230.9,1.03,1.08,10.3465,3024.0,Multiple Observatories,conservative_hz,True
Teegarden's Star c,confirmed,0.35,209.0,1.02,1.05,11.416,3034.0,Calar Alto Observatory,optimistic_hz,True
GJ 3378 b,confirmed,0.91,272.0,1.32,2.3,21.45,3340.0,Mauna Kea Observatory,conservative_hz,True
Kepler-1649 c,confirmed,0.75,234.0,1.06,1.2,19.53527,3240.0,Kepler,conservative_hz,True
GJ 667 C f,confirmed,0.5633,,1.45,2.7,39.026,3350.0,La Silla Observatory,conservative_hz,True
TOI-715 b,confirmed,0.67,234.0,1.55,3.02,19.288004,3075.0,Transiting Exoplanet Survey Satellite (TESS),conservative_hz,True
GJ 1061 c,confirmed,1.4,304.12,1.19,1.81,6.6821,2953.0,La Silla Observatory,optimistic_hz,True
GJ 667 C e,confirmed,0.3022,,1.45,2.7,62.24,3350.0,La Silla Observatory,optimistic_hz,True
Kepler-186 f,confirmed,0.3,177.0,1.17,1.71,129.9441,3755.0,Kepler,optimistic_hz,True
Kepler-296 e,confirmed,1.41,337.0,1.53,2.96,34.14211,3740.0,Kepler,optimistic_hz,True
Kepler-1229 b,confirmed,0.524,212.0,1.4,2.54,86.828989,3784.0,Kepler,conservative_hz,True
K2-72 e,confirmed,1.2,286.34,1.29,2.21,24.158868,3360.47,K2,optimistic_hz,True
Ross 128 b,confirmed,1.38,301.0,1.11,1.4,9.8658,3192.0,La Silla Observatory,optimistic_hz,True
K2-3 d,confirmed,1.44,305.2,1.458,2.2,44.55603,3844.0,K2,optimistic_hz,True
Proxima Cen b,confirmed,0.641,218.0,1.02,1.055,11.18465,2900.0,European Southern Observatory,conservative_hz,True
Wolf 1069 b,confirmed,0.652,250.1,1.08,1.26,15.564,3158.0,Calar Alto Observatory,conservative_hz,True
GJ 1002 c,confirmed,0.257,181.7,1.1,1.36,21.202,3024.0,Multiple Observatories,optimistic_hz,True
Teegarden's Star b,confirmed,1.08,277.0,1.05,1.16,4.90634,3034.0,Calar Alto Observatory,conservative_hz,True
Kepler-438 b,confirmed,1.4,288.0,1.12,1.46,35.23319,3748.0,Kepler,optimistic_hz,True
Kepler-442 b,confirmed,0.66,241.0,1.34,2.36,112.3053,4402.0,Kepler,conservative_hz,True
GJ 273 b,confirmed,1.06,292.47,1.51,2.89,18.6498,3382.0,La Silla Observatory,conservative_hz,True
KOI-4940203,candidates_predicted_real,0.87,246.0,1.31,,302.779824,5734.0,Kepler (candidate),conservative_hz,True
KOI-3548044,candidates_predicted_real,0.74,237.0,1.37,,445.21685,5670.0,Kepler (candidate),conservative_hz,True
KOI-9674320,candidates_predicted_real,0.54,218.0,1.59,,317.062416,5366.0,Kepler (candidate),conservative_hz,True
KOI-10452252,candidates_predicted_real,0.37,199.0,0.42,,34.573718512,3374.0,Kepler (candidate),conservative_hz,True
KOI-9084569,candidates_predicted_real,0.44,208.0,0.97,,395.13138,5060.0,Kepler (candidate),conservative_hz,True
KOI-9210820,candidates_predicted_real,0.29,187.0,1.37,,377.67241,5031.0,Kepler (candidate),optimistic_hz,True
KOI-8873873,candidates_predicted_real,0.7,233.0,0.64,,295.06066,5332.0,Kepler (candidate),conservative_hz,True
